{"cameraMode":{"drawMode":0,"name":"Shaded","section":"Shading Mode"},"sceneLighting":true,"audioPlay":false,"sceneViewState":{"showFog":true,"showMaterialUpdate":false,"showSkybox":true,"showFlares":true,"showImageEffects":true,"showParticleSystems":true},"in2DMode":false,"pivot":{"x":4.061516761779785,"y":2.541044235229492,"z":81.27180480957031},"rotation":{"x":0.07358639687299729,"y":-0.06487388908863068,"z":0.00479721138253808,"w":0.9951650500297546},"size":1.759368896484375,"orthographic":false}